distance_km,nb_commandes,temps_reel_minutes,cout_reel_dt
97.42,5,234,129.77
81.54,4,145,98.35
91.98,5,176,113.43
110.26,6,269,147.6
85.56,4,156,104.03
74.31,8,198,102.79
88.56,3,140,103.37
84.13,7,211,113.84
87.38,4,161,106.61
101.62,6,215,129.38
113.26,5,260,148.29
94.33,6,208,121.9
51.8,4,154,74.89
89.92,8,296,135.67
103.65,6,193,126.78
39.09,7,158,64.87
51.33,6,150,73.64
62.99,7,176,88.75
68.08,5,156,89.21
100.29,5,226,130.45
64.02,3,137,81.95
77.27,8,224,110.51
105.87,3,189,127.94
92.41,5,225,123.6
84.1,3,166,104.71
124.12,6,214,148.46
49.53,6,184,78.9
111.06,7,258,146.0
88.39,5,182,111.56
100.2,7,220,129.23
47.94,6,186,77.98
79.28,4,145,96.4
78.55,5,187,104.17
96.52,3,158,113.81
52.25,3,100,64.5
158.59,5,273,189.52
61.42,3,115,75.39
120.1,4,233,148.75
83.39,7,215,114.03
93.62,8,222,124.05
113.57,5,217,139.94
103.8,7,268,141.87
62.98,3,115,76.71
86.92,7,255,125.03
102.95,5,198,127.12
61.21,3,137,79.59
65.42,8,227,101.12
76.95,4,197,104.86
86.57,5,170,107.71
97.54,5,237,130.45
91.26,6,179,113.57
93.66,8,273,134.32
99.17,3,142,112.88
80.89,4,170,102.95
84.88,6,205,113.29
75.42,5,193,102.86
78.87,8,224,111.89
66.16,7,210,98.24
36.59,3,100,51.19
63.82,7,180,90.27
122.0,3,247,153.23
94.92,8,292,139.13
96.83,5,236,129.62
83.18,7,223,115.4
61.85,3,130,78.66
72.18,5,174,96.34
86.46,4,174,108.36
56.43,3,131,74.21
107.63,5,206,132.87
69.9,6,192,97.83
99.27,8,302,144.92
113.39,6,254,147.23
55.0,4,137,74.3
115.03,4,240,145.83
35.21,7,155,61.02
95.65,6,245,130.41
126.59,6,241,155.88
66.52,4,148,86.17
73.89,4,141,91.12
43.27,3,108,58.56
82.11,8,198,109.47
105.79,7,245,139.0
94.43,8,265,133.38
126.28,4,226,152.58
96.1,6,191,119.9
104.37,7,242,137.24
35.13,4,135,57.01
52.5,6,162,77.15
114.08,7,287,154.4
85.26,4,149,102.28
87.84,4,179,110.63
101.55,7,264,139.3
95.98,4,168,115.24
82.29,6,168,103.73
92.02,3,178,113.94
69.43,4,134,85.9
69.44,7,204,99.89
76.11,6,202,105.21
30.0,5,142,54.02
119.74,4,205,142.84
89.51,6,216,119.46
111.78,3,176,130.23
76.85,3,146,94.65
166.35,3,235,188.54
74.72,6,240,111.58
109.6,5,217,136.59
90.05,6,237,124.02
64.88,3,121,79.38
130.34,6,299,170.66
95.11,3,143,109.53
74.17,4,180,99.17
90.1,7,208,118.33
48.8,6,153,72.24
49.81,7,195,81.44
34.07,4,103,49.65
124.25,7,229,151.44
93.07,3,178,114.88
64.32,3,125,79.78
76.42,8,270,119.12
96.44,7,210,124.05
90.6,7,218,120.64
85.31,3,165,105.64
74.2,7,226,108.29
131.5,3,268,165.48
81.42,6,187,106.75
69.98,6,186,96.7
66.02,3,124,80.95
88.76,3,151,105.84
47.14,7,210,82.24
101.99,4,196,125.92
88.55,7,189,113.27
110.93,3,203,135.08
119.31,3,250,151.54
68.06,7,164,90.8
90.47,7,291,135.18
72.89,7,223,106.6
68.89,7,195,97.6
118.9,5,213,143.74
93.4,4,172,113.91
97.36,4,193,121.54
72.05,3,148,90.89
107.32,8,305,152.31
30.0,7,165,58.54
68.62,5,200,98.49
86.35,4,171,107.77
91.01,4,176,112.58
72.83,4,191,100.26
118.36,6,260,152.62
88.2,4,173,109.64
72.97,5,145,91.15
94.16,6,219,123.87
61.5,5,172,86.75
50.86,7,157,74.65
97.6,7,203,123.71
31.35,8,164,59.63
97.82,7,219,127.04
134.11,8,267,167.42
80.07,3,146,97.45
66.59,8,203,97.39
99.49,8,266,137.8
99.41,8,273,139.23
92.78,4,185,115.96
64.74,7,178,90.8
62.39,3,115,76.22
127.18,5,263,160.78
107.04,6,245,140.12
73.99,5,169,96.77
124.55,6,279,161.74
50.04,8,175,77.7
99.07,6,248,133.9
104.94,8,316,152.59
88.63,8,275,130.46
136.08,5,285,172.81
125.49,4,215,149.7
44.31,3,109,59.66
86.2,7,239,121.22
107.05,8,247,140.52
42.88,4,141,64.82
69.95,7,163,92.2
104.01,8,256,139.75
89.24,6,216,119.08
87.23,8,212,116.62
98.3,6,194,122.36
102.41,7,229,132.97
78.15,4,167,99.96
100.2,8,306,146.46
30.0,3,83,42.23
122.77,4,241,152.57
62.88,8,206,94.76
92.17,4,167,111.92
100.82,5,229,131.68
141.77,3,261,172.81
76.2,4,189,102.64
74.37,3,126,88.57
65.51,6,183,92.46
30.09,7,153,56.18
118.26,4,198,140.31
134.98,5,299,174.62
74.83,4,184,100.59
48.69,7,149,71.38
106.7,5,260,142.72
61.59,6,189,90.31
115.12,4,176,133.06
101.81,8,321,150.86
60.26,7,165,84.41
81.86,3,145,98.61
98.44,3,189,121.6
51.03,3,94,62.22
106.31,5,256,141.6
30.0,5,132,51.9
78.51,5,170,100.81
47.42,6,163,72.98
112.01,8,244,144.04
38.88,3,93,51.67
78.28,6,198,106.22
57.34,3,115,71.8
118.74,8,249,150.89
76.76,7,214,108.08
43.73,5,138,64.81
102.52,6,232,133.68
76.09,7,187,102.12
90.96,4,173,111.92
75.95,6,232,110.98
83.26,3,158,102.45
85.64,8,232,119.26
49.73,5,152,72.72
78.99,8,252,117.67
75.63,6,222,108.82
42.67,4,96,55.57
62.49,7,158,84.85
43.26,4,143,65.42
129.12,5,228,155.36
46.08,7,170,73.36
100.15,3,173,119.89
109.3,3,192,131.49
84.23,3,165,104.65
69.43,5,162,91.61
74.55,7,184,100.18
89.9,8,209,118.25
60.54,8,230,97.53
125.51,3,216,149.95
124.26,3,204,146.58
69.38,6,215,102.04
85.65,7,231,119.02
46.9,6,170,73.9
65.04,5,193,94.05
41.13,6,139,62.77
81.9,3,158,101.4
113.73,7,246,146.05
67.42,3,140,85.48
46.05,5,115,62.19
74.99,5,167,97.33
66.82,5,205,97.83
78.81,3,145,96.15
111.61,7,294,153.68
87.99,8,303,135.45
118.87,3,228,146.78
110.72,4,229,140.09
53.73,8,178,81.46
150.15,5,339,195.48
84.01,8,202,111.94
102.04,5,231,133.11
49.87,6,169,76.39
97.53,5,203,123.58
80.33,3,160,100.33
74.01,7,231,109.22
51.26,5,162,76.02
99.64,7,260,136.81
115.58,7,222,142.75
67.91,6,227,103.29
42.95,7,177,72.01
41.04,7,157,66.34
59.9,3,122,75.51
65.81,3,115,79.08
68.79,6,191,96.69
105.05,8,291,147.67
81.27,7,237,116.57
68.51,7,169,92.13
74.6,4,178,99.11
82.4,7,228,115.68
147.54,3,213,168.02
96.74,4,202,122.76
82.82,7,202,111.0
108.64,3,228,138.05
30.0,5,109,47.45
63.04,3,142,82.14
97.67,5,178,118.62
79.98,8,221,112.32
63.98,6,163,87.1
84.79,7,256,123.34
148.17,4,272,180.49
71.73,5,205,102.04
112.54,6,289,153.53
86.59,3,149,103.58
61.79,7,232,99.06
99.86,5,231,131.24
71.45,4,184,97.69
100.97,7,219,129.82
78.79,3,157,98.37
70.13,6,162,92.09
75.23,4,166,97.28
68.24,6,206,99.35
73.84,5,162,95.25
89.85,3,170,110.47
73.0,4,194,100.98
88.2,6,226,120.22
124.14,4,181,141.86
83.36,4,206,112.12
54.25,7,194,85.06
80.56,4,184,105.34
95.77,7,251,131.71
91.08,3,163,110.03
114.09,4,184,133.95
61.77,3,142,80.93
147.89,6,270,179.74
43.59,7,150,67.16
75.74,7,177,99.96
85.58,6,240,120.79
125.95,6,250,157.22
122.53,3,187,141.74
107.27,5,254,142.04
42.06,7,142,64.32
146.81,5,306,186.09
72.6,8,267,115.21
69.48,6,216,102.35
95.92,8,275,136.57
79.48,6,172,102.11
85.67,3,146,102.14
80.52,4,196,107.68
66.7,4,165,89.85
119.98,8,303,162.76
108.12,3,214,134.8
107.38,8,284,148.17
100.88,5,247,135.31
80.05,5,151,98.34
117.93,8,233,146.88
68.71,7,211,100.65
72.9,8,207,103.54
100.47,5,179,121.32
113.23,5,219,140.14
85.95,4,168,106.72
88.0,8,200,114.96
112.28,4,231,141.71
82.23,6,231,116.16
162.62,5,303,198.99
93.69,7,232,126.14
117.92,4,255,151.37
95.98,7,219,125.46
119.42,5,261,153.85
104.43,8,232,135.19
84.36,8,205,112.86
114.32,8,280,153.25
56.11,5,144,76.57
92.98,5,213,121.66
73.31,7,186,99.69
93.66,4,154,110.6
32.62,8,151,58.08
91.35,5,230,123.73
52.59,5,167,78.23
47.19,7,200,80.11
112.37,8,240,143.64
80.97,4,195,107.99
54.07,7,212,88.43
100.73,3,191,123.95
72.98,5,153,92.68
30.0,4,124,50.45
88.7,6,210,117.48
43.14,8,179,72.54
100.32,4,179,121.27
58.66,7,195,89.05
98.68,4,178,119.53
62.07,4,159,84.75
73.78,3,159,94.67
86.69,5,235,120.88
105.98,8,301,150.45
130.38,8,294,169.71
78.45,5,209,108.61
72.31,8,261,113.67
104.75,3,162,121.55
75.21,3,141,92.2
114.29,5,222,141.7
135.71,3,231,161.58
86.04,8,265,126.14
79.19,3,152,97.84
30.0,7,166,58.71
142.27,7,294,179.83
143.22,8,357,193.21
103.13,5,174,122.63
78.68,5,172,101.45
94.8,7,218,124.3
42.68,6,172,70.68
82.54,6,206,111.55
122.86,3,256,155.71
104.33,8,242,137.23
87.63,3,165,107.51
51.65,6,155,75.08
73.46,7,232,109.0
113.81,8,327,162.15
67.45,4,134,84.29
68.43,4,176,93.45
103.68,4,227,133.67
67.48,4,177,92.78
78.88,7,197,106.58
56.81,4,140,76.31
71.31,5,184,97.49
61.56,4,136,79.52
101.67,4,191,124.79
46.26,3,124,64.15
99.22,7,200,124.37
125.71,3,220,151.0
49.07,6,165,74.84
54.44,6,184,83.17
110.78,4,220,138.17
87.71,4,173,109.28
126.81,8,283,164.5
95.48,4,216,124.5
60.23,4,123,75.91
100.74,6,222,130.17
71.65,8,278,116.62
49.82,6,151,72.74
79.09,3,160,99.24
75.09,6,203,104.48
58.24,4,134,76.42
62.76,3,132,79.8
57.42,6,191,87.16
31.18,8,181,62.8
75.38,3,132,90.53
96.6,5,224,126.92
67.42,6,206,98.52
95.85,5,187,119.03
85.7,4,192,111.41
84.77,8,229,118.02
72.09,5,165,94.29
108.29,7,222,136.53
45.47,7,187,76.05
85.9,6,197,112.61
61.52,8,166,85.5
81.4,4,176,104.5
67.78,5,190,95.64
83.43,3,150,101.01
65.76,6,196,95.16
70.99,3,125,85.47
97.27,8,244,131.48
59.3,6,173,85.16
94.51,8,294,139.14
30.65,8,196,65.35
79.18,8,221,111.6
58.84,4,128,75.81
108.38,7,312,154.61
72.66,7,173,96.55
105.4,7,275,144.59
52.3,4,120,68.65
103.31,5,206,129.17
54.04,8,204,86.79
96.63,4,184,119.04
89.17,4,207,117.23
99.7,4,188,122.45
97.72,3,177,118.62
55.22,6,175,82.09
86.57,7,195,112.76
112.33,5,198,135.18
99.38,7,235,131.62
58.08,7,208,91.12
40.53,4,94,53.37
100.18,4,200,125.15
117.78,6,272,154.59
96.4,8,291,140.19
139.13,6,273,173.04
121.39,6,216,146.49
129.98,3,248,160.18
58.88,6,163,82.82
35.84,6,127,55.96
90.26,7,223,121.37
80.89,3,143,97.39
53.97,8,233,92.62
100.14,6,190,123.16
64.29,6,148,84.28
107.73,7,263,144.34
84.67,6,229,117.88
98.41,7,270,137.67
89.07,3,176,111.05
63.59,4,157,85.63
98.48,6,193,122.44
93.54,4,196,118.82
103.98,5,192,126.78
99.6,7,251,134.87
90.77,6,231,123.41
90.91,4,207,118.7
100.86,8,316,149.01
96.88,6,220,126.46
68.06,4,148,87.53
101.79,7,200,126.56
74.6,3,152,93.89
55.48,8,213,89.78
103.36,8,269,141.81
60.17,5,153,81.78
64.55,8,238,102.53
84.92,4,197,111.59
30.0,6,122,49.98
105.02,3,155,120.37
